date, theme, idee
2025-05-05 15:17,maroc,"""Rêves de Marrakech"""
2025-05-05 15:17,maroc,"""Rêveries sous les étoiles du Maghreb"""
2025-05-05 15:17,maroc,"""Rythmes de Marrakech"""
2025-05-05 15:42,en mode été,"""Rayons de soleil et mélodies légères"""
2025-05-05 15:43,en mode été,"« Sous le soleil brûlant, nos coeurs s'envolent »"
2025-05-05 15:46,carole,"Bien sûr ! Que penses-tu de ""Mélodie de l'aube"" comme titre de chanson dans le style de Carole ?"
2025-05-05 15:47,piscine,"""Plongée nocturne dans l'onde claire"""
2025-05-05 15:48,la respiration,"Voici une suggestion de titre original pour une chanson inspirée par ""la respiration"" : ""Souffle de vie""."
2025-05-05 16:09,samba,"""Danses brésiliennes sous la lune"""
2025-05-05 16:10,samba,"""Rythme ensoleillé de la Samba"""
